strategy,hub_failure,normal,peak,weather
baseline,539.8325066973348,192.30118185368985,336.74721892034927,965.4871669588019
dynamic_combo,1704.2776698347059,1499.0023391167026,1582.641480784476,1991.5068347860802
hub_priority,1530.5129359290358,1286.276480762473,1401.1472073304876,1785.9210168825907
uniform_buffer,2434.0921705667274,2218.094050903353,2305.848312611274,2727.5556734395177
