strategy,hub_failure,normal,peak,weather
baseline,1706.181258368064,873.4860939123223,1133.2599675583353,2273.366676576723
dynamic_combo,2078.02177013457,1691.6566625204518,1802.3164978239897,2496.4907537085287
hub_priority,2207.079352762074,1629.2474026641553,1841.0883882030314,2683.2884678543774
uniform_buffer,3839.77673410891,3447.003891123551,3559.812581007655,4259.172126053381
