strategy,topsis_score,cumulative_delay,recovery_time,min_performance,spread_range,strategy_cost,complexity,overall_rank
dynamic_combo,0.6114618935406042,279.58023180140367,3.75,0.9179673600370846,1.5,730.752,4.0,1
hub_priority,0.6084819189685322,463.98402921756326,5.0,0.9017549098984425,1.25,596.1599999999999,3.0,2
baseline,0.6032887423890964,829.5486245929828,7.75,0.8639120197854178,1.75,0.0,1.0,3
uniform_buffer,0.6031205755246111,311.7644339434795,3.75,0.9119878121090855,1.5,1088.64,2.0,4
