strategy,优秀,良好,一般,较差,dominant_grade
dynamic_combo,0.0,0.8092688905457398,0.19073110945426,0.0,良好
uniform_buffer,0.0,0.7712692352151536,0.2287307647848463,0.0,良好
hub_priority,0.0,0.5548453331867329,0.4451546668132671,0.0,良好
baseline,0.0,0.0857016006623328,0.8448997713339522,0.0693986280037147,一般
