{
  "mae": 9.739402527225087,
  "rmse": 23.991092850835496,
  "spectral_radius_raw": 1.051901642898691,
  "stability_scale_factor": 0.8746064864627325,
  "spectral_radius_final": 0.9200000000000006,
  "baseline_hold_mae": 11.340456618557567
}