strategy,expected_loss,risk_rank
baseline,1309.4684115116602,1
dynamic_combo,1922.2447454044693,2
hub_priority,1957.154286662877,3
uniform_buffer,3680.301255575602,4
