lambda_ahp,recommended_strategy,top_score,dynamic_combo_rank,baseline_rank
0.2,baseline,0.7982249126870904,4,1
0.30000000000000004,baseline,0.7764445729411666,4,1
0.4,baseline,0.7526834361208842,4,1
0.5,baseline,0.7268277620913671,4,1
0.6000000000000001,baseline,0.6988192389131525,4,1
0.7,baseline,0.6687037895998384,4,1
0.8,baseline,0.6367005648321407,4,1
0.9000000000000001,dynamic_combo,0.6114618935406043,1,3
1.0,dynamic_combo,0.6587633961838149,1,4
