mean_predicted,fraction_positive
0.07151498165551425,0.0840655034442932
0.10748777556310356,0.133604897801774
0.13310088711995893,0.17523874157739106
0.15791395258214333,0.20593131751132449
0.1742502416517768,0.23944948889269602
0.19911041897569026,0.2751544054413259
0.23590495564543915,0.31641671893710444
0.2784235547391099,0.36933375263938184
0.3821441348068675,0.4683109118086697
