strategy,优秀,良好,一般,较差,dominant_grade
dynamic_combo,0.0,0.5477578897525176,0.4522421102474824,0.0,良好
hub_priority,0.0,0.5353413290355509,0.464658670964449,0.0,良好
baseline,0.0,0.5137030932879016,0.4862969067120984,0.0,良好
uniform_buffer,0.0,0.5130023980192128,0.4869976019807871,0.0,良好
