lambda_ahp,recommended_strategy,top_score,dynamic_combo_rank,baseline_rank
0.2,baseline,0.6806000837878484,4,1
0.30000000000000004,baseline,0.6582930539869251,4,1
0.4,baseline,0.634653169072096,4,1
0.5,baseline,0.6097585351159738,4,1
0.6000000000000001,uniform_buffer,0.5945963000199236,4,2
0.7,uniform_buffer,0.6165636765711494,2,4
0.8,uniform_buffer,0.6401766591786956,2,4
0.9000000000000001,dynamic_combo,0.6742245337309777,1,4
1.0,dynamic_combo,0.710833424284564,1,4
